dataset,method,seed,param1_name,param1_value,param2_name,param2_value,AUROC_kNN,AUROC_LOF,AUROC_IF,AUROC_centroid,AUROC_linear,AUPRC_kNN,AUPRC_LOF,AUPRC_IF,AUPRC_centroid,AUPRC_linear
thyroid,HIGH-D,0,,,,,0.6351038827665205,0.6710688470197891,0.5901893984279338,0.5616048504957143,0.9849735355689853,0.12204076542941805,0.1244843076726147,0.09850651543210921,0.10287572442510502,0.9134919726728702
thyroid,HIGH-D,1,,,,,0.6351038827665205,0.6710688470197891,0.5901893984279338,0.5616048504957143,0.9849735355689853,0.12204076542941805,0.1244843076726147,0.09850651543210921,0.10287572442510502,0.9134919726728702
thyroid,HIGH-D,2,,,,,0.6351038827665205,0.6710688470197891,0.5901893984279338,0.5616048504957143,0.9849735355689853,0.12204076542941805,0.1244843076726147,0.09850651543210921,0.10287572442510502,0.9134919726728702
thyroid,HIGH-D,3,,,,,0.6351038827665205,0.6710688470197891,0.5901893984279338,0.5616048504957143,0.9849735355689853,0.12204076542941805,0.1244843076726147,0.09850651543210921,0.10287572442510502,0.9134919726728702
thyroid,HIGH-D,4,,,,,0.6351038827665205,0.6710688470197891,0.5901893984279338,0.5616048504957143,0.9849735355689853,0.12204076542941805,0.1244843076726147,0.09850651543210921,0.10287572442510502,0.9134919726728702
thyroid,DR-SNE,0,lambda,0.0,k_density,40.0,0.6292520835802029,0.5822337757238218,0.5542767705494333,0.5355482482126634,0.6010408026227436,0.12051917251476231,0.10563536583969343,0.08282566046331225,0.07709047247304757,0.12553023411542258
thyroid,DR-SNE,0,lambda,0.0,k_density,80.0,0.6232817869415808,0.5814437927084568,0.5434900462140064,0.5349192242366789,0.5972804834696054,0.11904675651128575,0.10237752215795366,0.08065695109672569,0.07640802094659715,0.11142934107688088
thyroid,DR-SNE,0,lambda,0.0,k_density,300.0,0.6282843543863808,0.5805061816170952,0.5363209503495675,0.5266234150965754,0.599157680609867,0.1202534795839367,0.10326697320466181,0.07675633522504627,0.07470999685570871,0.10983001408195171
thyroid,DR-SNE,0,lambda,5e-05,k_density,40.0,0.6445886163447486,0.612992751905834,0.5699811391555082,0.5695580045029033,0.6094294347671525,0.11512378827198883,0.11066940717545122,0.08657577261727512,0.08425003429996301,0.15373140756765136
thyroid,DR-SNE,0,lambda,5e-05,k_density,80.0,0.6263558083501205,0.5781461073586918,0.5625977603981513,0.5642236441916499,0.5983459730615792,0.11913293607199163,0.09845853064996424,0.08503846863058576,0.08321688309799383,0.13785538853446164
thyroid,DR-SNE,0,lambda,5e-05,k_density,300.0,0.6215448117865466,0.5700240944819687,0.5713152229727061,0.5558843859857013,0.5960283603902516,0.12373986638580432,0.10148516704088047,0.09305870304925397,0.08445993885206418,0.16841744561815136
thyroid,DR-SNE,0,lambda,0.0001,k_density,40.0,0.6388187778962752,0.596762057115772,0.558351107951179,0.5738525496701822,0.6090314808231624,0.1112166691818014,0.10499663013773076,0.08480549693131624,0.08684985244695953,0.12638698214169033
thyroid,DR-SNE,0,lambda,0.0001,k_density,80.0,0.6188331950863056,0.629070387486669,0.5493931942963226,0.5619781174704744,0.61215783860647,0.12360036697181194,0.1383900148580623,0.10188971714580404,0.10144520275541433,0.14491311288515657
thyroid,DR-SNE,0,lambda,0.0001,k_density,300.0,0.6282221432239207,0.5795310463325039,0.5677316625192558,0.5739799344314097,0.6021606035470237,0.14604651541150476,0.10504978967451864,0.08784661847086472,0.08737371085097634,0.19553947062266547
thyroid,DR-SNE,0,lambda,0.0002,k_density,40.0,0.6274617845716317,0.5669234111466603,0.5784369198562231,0.5887585416913536,0.6217551447643875,0.11238873024976359,0.11735420024070461,0.09895713539844066,0.09576681473175848,0.15055799806021156
thyroid,DR-SNE,0,lambda,0.0002,k_density,80.0,0.6206501560216455,0.6323280799462813,0.5634450171821307,0.5655557530513095,0.6138602520045819,0.12654917247776915,0.12804571397308415,0.09931686772487563,0.0996774877458237,0.13993241122855452
thyroid,DR-SNE,0,lambda,0.0002,k_density,300.0,0.6237942884227989,0.6218331555871549,0.5750138247027688,0.5860834617055733,0.6074692894102777,0.13021863388957877,0.15126915439069577,0.10480971323851979,0.1064370960858039,0.15278871919385556
thyroid,DR-SNE,0,lambda,0.0005,k_density,40.0,0.60262570604732,0.5733844847335782,0.57084370186041,0.5842773630366946,0.6311154560176956,0.1165110386354055,0.12053455800978896,0.1123685813166537,0.1090862981488504,0.15724029692246477
thyroid,DR-SNE,0,lambda,0.0005,k_density,80.0,0.6208427143816408,0.6235010072283446,0.5574569459256626,0.5759948848599755,0.6332197732748747,0.12275630665654891,0.12895443466529263,0.10467856224393024,0.1019526588350781,0.14625086179251118
thyroid,DR-SNE,0,lambda,0.0005,k_density,300.0,0.6339080459770116,0.6156041395110005,0.603711932693447,0.6034166765414544,0.6177933799423312,0.14650610674493197,0.1487019034923357,0.1177931598249076,0.11087761548224367,0.15891823112401726
thyroid,DR-SNE,0,lambda,0.001,k_density,40.0,0.6146038235177944,0.5996494450369316,0.5430580242524785,0.5565608089426077,0.6235039696646523,0.11815634655517827,0.10323384879164359,0.10274646172532206,0.10016731412319418,0.15943165632070685
thyroid,DR-SNE,0,lambda,0.001,k_density,80.0,0.6009351423944385,0.6108119050440415,0.5510931389975116,0.571824268278232,0.6200379191847375,0.10930692138947717,0.11354660643080586,0.10538899946669429,0.09917796985078511,0.13701275594514728
thyroid,DR-SNE,0,lambda,0.001,k_density,300.0,0.6342803254730024,0.6230442982975866,0.5974305802425248,0.5926294584666429,0.6205128964727258,0.15018241906822183,0.14839131299551145,0.11958512877026584,0.11058540712573328,0.16127712434306546
thyroid,DR-SNE,0,lambda,0.002,k_density,40.0,0.575368329580914,0.5607250069123514,0.5394596516174903,0.5430511119010941,0.6108751036852709,0.11092099963933466,0.11082569422080395,0.1009310595159379,0.09781170357642231,0.1488876494354326
thyroid,DR-SNE,0,lambda,0.002,k_density,80.0,0.6002093454990718,0.6417328277442035,0.5495492159418572,0.5560157206620059,0.6273501994707115,0.1122108187335475,0.1310725074886285,0.10700047625053462,0.10342905221656512,0.13704266279051214
thyroid,DR-SNE,0,lambda,0.002,k_density,300.0,0.6342744006003871,0.6238569933246435,0.5972641900699135,0.5906890626851523,0.6246928941027767,0.14831604726759864,0.15925502325327143,0.11973226905758166,0.11068100827728614,0.15903451467229354
thyroid,DR-SNE,0,lambda,0.005,k_density,40.0,0.6002537820436861,0.5978216218351305,0.5529283682900817,0.5338833590077813,0.6188954062487656,0.1165410182248806,0.11853635696872845,0.10844023460616377,0.09919671728388504,0.15067729810464375
thyroid,DR-SNE,0,lambda,0.005,k_density,80.0,0.5990806572658688,0.648586424141881,0.5663052494371371,0.5684816526444681,0.6333994944108701,0.11468228716526217,0.12427395366395955,0.10943348884284407,0.10611101516073128,0.1520550918457664
thyroid,DR-SNE,0,lambda,0.005,k_density,300.0,0.6413249990125213,0.6211300707034798,0.5971274242603783,0.5898437808587116,0.6060226330133902,0.1529287882144138,0.1389518941059187,0.11747108687318843,0.11095655645556923,0.15730759586754092
thyroid,DR-SNE,0,lambda,0.01,k_density,40.0,0.5935586759884662,0.6170172216297349,0.5419821661334281,0.5231208279022,0.6167654145435874,0.11608528495179517,0.12307249055320091,0.1098468372489633,0.09977580408663689,0.16951962891783778
thyroid,DR-SNE,0,lambda,0.01,k_density,80.0,0.5925168858869534,0.6123000355492356,0.5379730023304499,0.5377019394083027,0.6013064344116602,0.1145875523566473,0.12642517574724385,0.10605426413104393,0.10151866805748455,0.14041710607897134
thyroid,DR-SNE,0,lambda,0.01,k_density,300.0,0.6303738594620214,0.6155439033060789,0.5913289489275981,0.5824130031204329,0.6000049373938461,0.14862260594365578,0.14798141285460484,0.11691152239455328,0.10883711310139851,0.14817348409011005
thyroid,DR-SNE,0,lambda,0.1,k_density,40.0,0.5804489078484811,0.5866241063317138,0.5678323853537149,0.5577615831259628,0.5610261879369594,0.10906578197441262,0.1122729072291514,0.10914125652938271,0.10402938097106944,0.11954623571661024
thyroid,DR-SNE,0,lambda,0.1,k_density,80.0,0.5991181814590987,0.6214909941936249,0.5791390172611289,0.5682031836315519,0.5560720069518506,0.11561756116279158,0.12465246682695254,0.11166306062259188,0.10533721407982306,0.12582558404245314
thyroid,DR-SNE,0,lambda,0.1,k_density,300.0,0.644743650511514,0.6264807244144251,0.5894122526365683,0.5902772840383932,0.5577971323616542,0.1387588149661855,0.14536804752608345,0.11689669228395252,0.10986376437271818,0.1285087752090299
thyroid,DR-SNE,0,lambda,1.0,k_density,40.0,0.5913595607694435,0.6111654224434174,0.5834725678397914,0.5767182130584193,0.554936406367263,0.11229964474915455,0.11111778386530724,0.11036519525246465,0.1079623344923579,0.10944334624210761
thyroid,DR-SNE,0,lambda,1.0,k_density,80.0,0.6058596990164711,0.6322895682742822,0.5952260338902713,0.5887417545522772,0.5550647786072599,0.11665849178088583,0.13379886677807548,0.1156935464653217,0.10962472589403588,0.11336587762246414
thyroid,DR-SNE,0,lambda,1.0,k_density,300.0,0.6325502626693527,0.6085446537899436,0.592509973535569,0.5818284156890627,0.5268525101710313,0.13334881868657578,0.13552623123902588,0.11925271029530152,0.10999687209737977,0.11932995282808448
thyroid,DR-SNE,1,lambda,0.0,k_density,40.0,0.6297448354860371,0.6218978354465379,0.5717941501757712,0.5364478413714104,0.5887210174981239,0.12195205005033594,0.1269818967552654,0.09408684725609974,0.11304438758858679,0.13843547195732822
thyroid,DR-SNE,1,lambda,0.0,k_density,80.0,0.610177943674211,0.6096792668957618,0.5740460955089465,0.5379725085910654,0.587191412884623,0.12270127045864951,0.12168716128212129,0.09606122014037252,0.11423080153557451,0.13898783019176317
thyroid,DR-SNE,1,lambda,0.0,k_density,300.0,0.6060759568669274,0.6162504443654463,0.5650743571513213,0.5367509973535569,0.582954141485958,0.130007239262905,0.12867743910845172,0.110187585637053,0.10195180804774193,0.13289517390744018
thyroid,DR-SNE,1,lambda,5e-05,k_density,40.0,0.6377937749338389,0.6234071967452699,0.5401178062171663,0.49797369356558835,0.5671199194217325,0.10930678541725113,0.1087443827314569,0.0824473972528621,0.07845329497687167,0.13631655974444679
thyroid,DR-SNE,1,lambda,5e-05,k_density,80.0,0.621810443575463,0.6197969743650511,0.5441793063949125,0.5175810720069518,0.566941185764506,0.11209578516332597,0.11461662324488446,0.09371908071632291,0.09523848386968395,0.12581541080011205
thyroid,DR-SNE,1,lambda,5e-05,k_density,300.0,0.6051832760595647,0.6117307540387882,0.5735444562941896,0.5386420191965873,0.581117430975234,0.13429933131862204,0.11630471448356414,0.11674281837146204,0.10416079990290911,0.13980088384054692
thyroid,DR-SNE,1,lambda,0.0001,k_density,40.0,0.6398437808587115,0.6251234348461508,0.5413975787020578,0.5054123711340206,0.5588033732274755,0.10424854512759243,0.111502729212487,0.08259680303028388,0.08006597889750287,0.10486369718055875
thyroid,DR-SNE,1,lambda,0.0001,k_density,80.0,0.6175741596555674,0.6240337520243315,0.554130129952206,0.5229717186080499,0.5676778449263341,0.12237561409843269,0.11565662439023439,0.0930248654884941,0.0878776737595115,0.13411639931945651
thyroid,DR-SNE,1,lambda,0.0001,k_density,300.0,0.6055832049610933,0.6160070308488368,0.5680767863490935,0.5290274321602085,0.5635314215744361,0.1244536488322035,0.11199464021750245,0.11344449234321724,0.1120322049567926,0.1292191264561848
thyroid,DR-SNE,1,lambda,0.0002,k_density,40.0,0.6469753525299207,0.591730852786665,0.5214786507090098,0.49007880080578264,0.5621222893707785,0.1108583935328266,0.1023580001503824,0.0781031184457392,0.07445761461854876,0.10138060795906545
thyroid,DR-SNE,1,lambda,0.0002,k_density,80.0,0.6224137931034482,0.6024953588497847,0.5412983370857527,0.5061440929020026,0.5674655369909548,0.12096175541602408,0.12175722440461463,0.08876670291052886,0.08224279888114791,0.1338988814745314
thyroid,DR-SNE,1,lambda,0.0002,k_density,300.0,0.6273472370344038,0.5876757712209187,0.5682811944543192,0.5306780029229371,0.5704980842911876,0.130220512864949,0.10577890801741877,0.11627419514670934,0.10808084995654105,0.1280803365176315
thyroid,DR-SNE,1,lambda,0.0005,k_density,40.0,0.6039746020460561,0.5827250464115021,0.5199816328948927,0.4814492238416875,0.5604386380692815,0.10028206582481733,0.11046235605906304,0.08054037044924094,0.07485414735616251,0.0916300020089636
thyroid,DR-SNE,1,lambda,0.0005,k_density,80.0,0.6073972034601256,0.6125706047319983,0.5264565311845795,0.5136588063356637,0.6045187028478888,0.11334658706470127,0.11768733044175039,0.08872824471842336,0.09243171587908766,0.14426042384527474
thyroid,DR-SNE,1,lambda,0.0005,k_density,300.0,0.6026691551131651,0.5882391278587511,0.5522810759568668,0.5330203025634949,0.5767211754947268,0.115814524351215,0.11562493151974265,0.11202992177170008,0.10507672698407092,0.12449537890598462
thyroid,DR-SNE,1,lambda,0.001,k_density,40.0,0.5424586246395703,0.5478581585495912,0.4839277955523956,0.4618991191689379,0.5774647470079393,0.09039960395285061,0.08943959854401826,0.07701381596051134,0.07658276107687999,0.10807444251171895
thyroid,DR-SNE,1,lambda,0.001,k_density,80.0,0.5893934905399535,0.6275906505510132,0.4973278824505273,0.48955247462179563,0.6068373029979854,0.10717098094662672,0.12931107226028904,0.09392217210618725,0.0859076546714219,0.12566193523546818
thyroid,DR-SNE,1,lambda,0.001,k_density,300.0,0.617252241576806,0.6053027609906387,0.5548786388592646,0.5365772010901766,0.5661798396334479,0.12414783861928211,0.12510606913230884,0.11090249073650356,0.10420246218681675,0.12116316051527268
thyroid,DR-SNE,1,lambda,0.002,k_density,40.0,0.538784216139353,0.5429444641940199,0.4856099656357388,0.46145179128648733,0.5878520361812222,0.09651277312794473,0.10192236485275946,0.07944565234316199,0.07689538245606012,0.1119419407810974
thyroid,DR-SNE,1,lambda,0.002,k_density,80.0,0.6184016668641623,0.586607812932022,0.5286467590946795,0.4964065647588577,0.6142068570525733,0.11382200002393666,0.11426727320191075,0.10113739118115336,0.08814367969491588,0.12673860847300758
thyroid,DR-SNE,1,lambda,0.002,k_density,300.0,0.6117519848323261,0.5981929138523522,0.5487335584784928,0.5379399217916815,0.5668829245171229,0.12363184558340831,0.12433387811415447,0.11184785565952074,0.10585719630443947,0.12121335475729048
thyroid,DR-SNE,1,lambda,0.005,k_density,40.0,0.5508768811470554,0.5366991547181735,0.469260773393372,0.45498479282695425,0.5999763005095389,0.10004531404882774,0.1028435183915947,0.07800943382024866,0.07584899640380897,0.11654973406553921
thyroid,DR-SNE,1,lambda,0.005,k_density,80.0,0.566586680886361,0.554447604376506,0.4909448196863767,0.48435438638069284,0.6076302484496583,0.10434585921420479,0.11290262604115849,0.09556294702333142,0.08547909360423214,0.11873820005935201
thyroid,DR-SNE,1,lambda,0.005,k_density,300.0,0.6046243630761938,0.6206220128767231,0.5598076391357585,0.5562408658213849,0.5841035667733145,0.118223186692705,0.13620225535108713,0.11506623926192572,0.10874342816265144,0.1276659387993511
thyroid,DR-SNE,1,lambda,0.01,k_density,40.0,0.5592418138010032,0.5729327131966663,0.49176146462851045,0.4614774657344867,0.5781579571039223,0.10926396047638394,0.10698398175752225,0.08553735829794071,0.08090800782758407,0.11780493283167566
thyroid,DR-SNE,1,lambda,0.01,k_density,80.0,0.5651597740648575,0.6012940909270451,0.5235459375123436,0.5279653987439271,0.6176857447564876,0.10267375082713304,0.1181856718344245,0.10318529872865198,0.09668447953903055,0.1295948400135421
thyroid,DR-SNE,1,lambda,0.01,k_density,300.0,0.6209770114942529,0.5776029940356282,0.5726695501046728,0.5643135047596476,0.580212900422641,0.1280340601653996,0.1263734721596108,0.11714124544569296,0.10955947996972104,0.12204879634505975
thyroid,DR-SNE,1,lambda,0.1,k_density,40.0,0.5753910415926057,0.5619993482640123,0.55865475767271,0.5514446814393491,0.5667575147134336,0.11417206572549365,0.09628725677826981,0.11668943550347646,0.10996346520444981,0.12065628334757605
thyroid,DR-SNE,1,lambda,0.1,k_density,80.0,0.5995032981790891,0.5788032744795987,0.580756507485089,0.5670478334715804,0.5555140814472489,0.11964506345522616,0.10989485521626548,0.11908511854611187,0.11015487050775226,0.11521045431532168
thyroid,DR-SNE,1,lambda,0.1,k_density,300.0,0.6377019394083027,0.6255233637476795,0.6090635738831615,0.5866186751984832,0.565334557807007,0.13038293335617426,0.13940166452716607,0.12457794178052004,0.11313368711298499,0.12074638620260471
thyroid,DR-SNE,1,lambda,1.0,k_density,40.0,0.5913012995220602,0.5783613777303788,0.5877108267172256,0.5792975076035866,0.5562932021961527,0.11377930870828726,0.09828054530894906,0.12091853183291253,0.11380256564072716,0.12161669917806725
thyroid,DR-SNE,1,lambda,1.0,k_density,80.0,0.5975283406406762,0.5489424102381799,0.5947870995773592,0.586524370976024,0.5154155310660821,0.11375014180600265,0.0963863980096803,0.12326315818036457,0.11316167832056634,0.10611087775513867
thyroid,DR-SNE,1,lambda,1.0,k_density,300.0,0.6319153138207528,0.6211389580124027,0.6023141564956354,0.5921959552869613,0.5446676146462851,0.12764745598148136,0.12844322505200487,0.12229750716576626,0.1143431811476864,0.11687769139952116
thyroid,DR-SNE,2,lambda,0.0,k_density,40.0,0.5845163328988427,0.5854164197969745,0.6059130228700083,0.603233005490382,0.6482906742505036,0.12171756879042032,0.108403101812379,0.1086309029336995,0.098446085855092,0.13372879536029547
thyroid,DR-SNE,2,lambda,0.0,k_density,80.0,0.5806059169727851,0.5763469210411977,0.6096763044594542,0.6008275072085949,0.6519196587273374,0.11071844849008407,0.125323887022992,0.10469169645965924,0.09794373558871797,0.13873241961134963
thyroid,DR-SNE,2,lambda,0.0,k_density,300.0,0.5744914484338586,0.5746336453766243,0.5997407868230833,0.588329975905518,0.6584715803610223,0.11024919219535148,0.10367312328143519,0.09835328820584846,0.09562955668819834,0.14640387549602424
thyroid,DR-SNE,2,lambda,5e-05,k_density,40.0,0.6238703242880278,0.5789217719319034,0.5817420112967571,0.5542876328158944,0.6626298534581506,0.10191243616179439,0.09362489845918257,0.0900953874596577,0.08395598245951529,0.13793101021896265
thyroid,DR-SNE,2,lambda,5e-05,k_density,80.0,0.5909359323774538,0.5754497965793736,0.6053550973654067,0.5856776079314294,0.6543468815420468,0.11208143482201899,0.09509845685218293,0.1020772774652161,0.09223655899505329,0.14158570510523777
thyroid,DR-SNE,2,lambda,5e-05,k_density,300.0,0.5831279377493385,0.5692647233084489,0.5924285065371094,0.5738722992455663,0.6497106687206226,0.11162434346261291,0.10575842201272348,0.1025995705314488,0.09321975811040242,0.15294767694285646
thyroid,DR-SNE,2,lambda,0.0001,k_density,40.0,0.6175860094007979,0.5880441008018328,0.5586794446419402,0.5316319074139906,0.618954654974918,0.0972206958667417,0.10353652197336588,0.0936903019328782,0.08937641334102459,0.11621031044382953
thyroid,DR-SNE,2,lambda,0.0001,k_density,80.0,0.6025911442903977,0.5805190188410949,0.5840314808231623,0.5603359402772841,0.6538314176245211,0.11834077719375108,0.09553274830287681,0.09346576429883377,0.08905659410397321,0.1360180275818629
thyroid,DR-SNE,2,lambda,0.0001,k_density,300.0,0.5827072717936564,0.5697737686139748,0.5868334518307856,0.5650620136667062,0.6457202670142592,0.112232826165483,0.0988160447371704,0.1116662842885022,0.10212232481687158,0.13825297298816355
thyroid,DR-SNE,2,lambda,0.0002,k_density,40.0,0.6296737370146542,0.5809298100090847,0.5380149701781411,0.5019828573685666,0.6328514436939606,0.10986255069494351,0.0946124059559565,0.08654704100557403,0.08122372301039027,0.1159620775572001
thyroid,DR-SNE,2,lambda,0.0002,k_density,80.0,0.5974009558794486,0.5895549433187186,0.546090077813327,0.5192479361693724,0.6085318165659438,0.11245239675505803,0.1088845048752881,0.09206310883129136,0.08985407648892338,0.12026863144398073
thyroid,DR-SNE,2,lambda,0.0002,k_density,300.0,0.5705523956234941,0.5714164395465497,0.5837056128293241,0.561277995023107,0.6411403404826795,0.10845543557438084,0.10572461319729247,0.11327139611904427,0.105030063090637,0.13217008455962764
thyroid,DR-SNE,2,lambda,0.0005,k_density,40.0,0.5764812181538098,0.5553284354386381,0.5111915906308014,0.49695856539084404,0.6213897776197811,0.10713943526275643,0.08967724024221635,0.08712792494753693,0.08410265398660047,0.11006622410200669
thyroid,DR-SNE,2,lambda,0.0005,k_density,80.0,0.579166172927282,0.5659438322076076,0.5417387526168187,0.5122388118655449,0.6329521665284197,0.10878333423458023,0.08909856618655376,0.08982857668621178,0.08026663352819477,0.11398293491348235
thyroid,DR-SNE,2,lambda,0.0005,k_density,300.0,0.5874284077892326,0.5659038393174547,0.5396156732630248,0.5143668286131848,0.5998578030572342,0.115616582307116,0.10529261303779044,0.10540077850955441,0.09878514055183243,0.10999259343511235
thyroid,DR-SNE,2,lambda,0.001,k_density,40.0,0.5767853616147253,0.5677563494884861,0.4920582019986571,0.44609254651025004,0.6139520875301181,0.09394331566506448,0.09488604442051304,0.08213867820153214,0.07418925331146595,0.10332557849484705
thyroid,DR-SNE,2,lambda,0.001,k_density,80.0,0.6114192044871036,0.6527693842082396,0.49157581861989963,0.4521546786744085,0.5838468222933207,0.11941173658612006,0.12002926741802404,0.08947488448972127,0.0747131280033279,0.09725453107260572
thyroid,DR-SNE,2,lambda,0.001,k_density,300.0,0.5892078445313426,0.5724848915748312,0.5359323774538847,0.5192410238179879,0.6032339929691511,0.11763449600602863,0.11833327979665553,0.10476110321603987,0.09667616422588257,0.09633484092827313
thyroid,DR-SNE,2,lambda,0.002,k_density,40.0,0.5521813406011771,0.5543162697002014,0.4811514989927717,0.4309219101789311,0.6365732511750998,0.09208542834260519,0.09231926913886357,0.09361444525477092,0.07650447380769057,0.10974486279523421
thyroid,DR-SNE,2,lambda,0.002,k_density,80.0,0.5925603349527985,0.6156688193703835,0.4945871351265948,0.46500671485563067,0.6324623770588932,0.11567428174637799,0.10443183147898275,0.09672109998676784,0.07945948854551647,0.1162634248095199
thyroid,DR-SNE,2,lambda,0.002,k_density,300.0,0.5995171228818581,0.5828470000394991,0.5188736817158431,0.501286684836276,0.6204092112019591,0.12190507584345492,0.11278426548551707,0.10131526067601676,0.09713322446651787,0.09949600817310034
thyroid,DR-SNE,2,lambda,0.005,k_density,40.0,0.5586088399099419,0.5754221471738358,0.498627404510803,0.45562665402693847,0.6472162973496071,0.11134341497201274,0.10414674866315432,0.10060516776393015,0.0822619485657359,0.11304387625252536
thyroid,DR-SNE,2,lambda,0.005,k_density,80.0,0.5863866176877197,0.6375246869692301,0.48891604455504206,0.45055595054706327,0.6420053718845045,0.1140196846980488,0.1239633221959351,0.09708217874038595,0.09154316790773852,0.11163549609548659
thyroid,DR-SNE,2,lambda,0.005,k_density,300.0,0.6191087016629142,0.6348175139234506,0.5270070505984121,0.5118882569024766,0.6126357783307658,0.13229604703863196,0.12012668602326845,0.10653027398396145,0.09738487360986883,0.10331204399659265
thyroid,DR-SNE,2,lambda,0.01,k_density,40.0,0.5819893747284433,0.6093652486471541,0.5075191570881226,0.46153276454556225,0.6365298021092546,0.11316858028417828,0.12261659565746919,0.10179017975851852,0.09663591414513999,0.11210210027671859
thyroid,DR-SNE,2,lambda,0.01,k_density,80.0,0.5691955997946044,0.5983746099458862,0.48985069321009594,0.45746731445273925,0.6423697515503416,0.10773182050683602,0.1064372469799624,0.10338630520241848,0.0937016495204713,0.11202241929599299
thyroid,DR-SNE,2,lambda,0.01,k_density,300.0,0.6269216336848759,0.6160327052968362,0.5481341588655844,0.5294081052257377,0.6066388197653749,0.1327166655555027,0.12163483347586099,0.10885218301829169,0.10027289391214525,0.09989961638190759
thyroid,DR-SNE,2,lambda,0.1,k_density,40.0,0.5730694790062014,0.5715527116167003,0.5606010783268159,0.559049255441008,0.5653543073823912,0.10404933316001698,0.09720040481053248,0.11349621428644416,0.10728110701622298,0.09593320552956174
thyroid,DR-SNE,2,lambda,0.1,k_density,80.0,0.5816852312675278,0.6280522968756173,0.5689581111506102,0.5692666982659873,0.591381285302366,0.11114857598836365,0.12192632523616237,0.11200429123438703,0.10758829368101444,0.10589665347614634
thyroid,DR-SNE,2,lambda,0.1,k_density,300.0,0.6266629142473437,0.6010832642098195,0.5715053126357783,0.5543063949125094,0.6091233163486985,0.1278046605789721,0.11001810069439064,0.11345021020833164,0.10599982984808645,0.10439466083778925
thyroid,DR-SNE,2,lambda,1.0,k_density,40.0,0.5877839001461469,0.5157848481257653,0.5897993443140972,0.5910494924359125,0.5505806375162934,0.10656847393455407,0.08414406928416629,0.11870293651998975,0.1123123955752091,0.10001413125025736
thyroid,DR-SNE,2,lambda,1.0,k_density,80.0,0.602333412331635,0.6076129675711972,0.5915224947663624,0.5912420507959079,0.5807333017340127,0.11446418508083481,0.11304137086841627,0.11218178995981329,0.10964022102646326,0.10885625780930273
thyroid,DR-SNE,2,lambda,1.0,k_density,300.0,0.6118033337283248,0.6010022909507445,0.569552079630288,0.5526375557925505,0.6094975708022277,0.1242200268754968,0.11221390541721582,0.11319423181855706,0.10597782025483944,0.10477902528241784
thyroid,DR-SNE,3,lambda,0.0,k_density,40.0,0.594198562230912,0.5795547458229648,0.5444671564561363,0.5139441876999644,0.5717926689576174,0.10485572225852627,0.09415232660852287,0.09984107832647975,0.09428619672678237,0.14199037591225874
thyroid,DR-SNE,3,lambda,0.0,k_density,80.0,0.6024844965833235,0.5759756290239759,0.531081388000158,0.509962673302524,0.575229095074456,0.11070550532726803,0.0951313210641056,0.08776975257174136,0.09213917643904836,0.1351677968723103
thyroid,DR-SNE,3,lambda,0.0,k_density,300.0,0.5959839238456373,0.5765108425168859,0.5195935537385946,0.4949776829798159,0.5745704467353951,0.1090611059986714,0.09562410658081173,0.08076568517831831,0.08078006072471264,0.12002596852629709
thyroid,DR-SNE,3,lambda,5e-05,k_density,40.0,0.6108198048741952,0.5755208950507564,0.5664948453608247,0.5387773037879686,0.5892542560334953,0.09781692821201887,0.0933002803295867,0.09751500301613752,0.09141007293377684,0.1254656047642046
thyroid,DR-SNE,3,lambda,5e-05,k_density,80.0,0.5885373464470514,0.5834459059130229,0.5497215309870838,0.5337559742465537,0.5898398309436348,0.10899778575068553,0.09913844352617845,0.09585301550527701,0.0944967175790244,0.13504630645188948
thyroid,DR-SNE,3,lambda,5e-05,k_density,300.0,0.5968617924714619,0.5812833274084607,0.5303338665718688,0.5134869850298218,0.5704852470671882,0.11296779885805125,0.10298792513087393,0.08974477351938531,0.08667313282572914,0.11378359975179611
thyroid,DR-SNE,3,lambda,0.0001,k_density,40.0,0.6045848639254255,0.5853813643006676,0.5584459059130229,0.5367776592803255,0.589009361298732,0.09453922774671235,0.09615954351374509,0.09097150756026319,0.08513116464896966,0.12417527225615022
thyroid,DR-SNE,3,lambda,0.0001,k_density,80.0,0.5899751155350159,0.5870650156021645,0.5509331674369002,0.5401074376900896,0.5814028123395347,0.10436441820289806,0.10120051274696132,0.09386813629853902,0.08765575974252253,0.12949222037058297
thyroid,DR-SNE,3,lambda,0.0001,k_density,300.0,0.6000789983015364,0.5844165975431529,0.5563386262195363,0.5269838448473358,0.5736362918197259,0.11371307099013386,0.10600824410000828,0.11005156172830674,0.09948214272012718,0.1108984672432176
thyroid,DR-SNE,3,lambda,0.0002,k_density,40.0,0.60574910139432,0.5814877355136865,0.5394473081328752,0.5350179721135995,0.5935458387644665,0.09926590364060797,0.09773673400287863,0.08495335947674792,0.08270565172876404,0.13452846354354894
thyroid,DR-SNE,3,lambda,0.0002,k_density,80.0,0.589492238416874,0.5680121064897105,0.5613841489907967,0.5359550894655765,0.5756221116246001,0.10742716220016499,0.1039517059715318,0.09222961698363238,0.083013364552492,0.11035128960349365
thyroid,DR-SNE,3,lambda,0.0002,k_density,300.0,0.5929168147884821,0.5863446498400285,0.5716371410514675,0.5390686100248846,0.5732817869415807,0.11014752901542846,0.10375931966537365,0.10388134038015431,0.10157268709633228,0.11253510391197584
thyroid,DR-SNE,3,lambda,0.0005,k_density,40.0,0.5976794248923648,0.5440662400758384,0.538442054745823,0.48633921870679775,0.5705622704111861,0.1051683915013874,0.08947299418973606,0.09521574180274145,0.08419947947834056,0.1211501303140774
thyroid,DR-SNE,3,lambda,0.0005,k_density,80.0,0.5706007820831852,0.5735543310818817,0.539547043488565,0.5147558952482522,0.5771694908559466,0.10655628354426483,0.09950986584183787,0.08706502970593903,0.07949565317119281,0.10525668418636494
thyroid,DR-SNE,3,lambda,0.0005,k_density,300.0,0.6008393569538255,0.5858953470000394,0.5633467630445945,0.533030177351187,0.5606667456649682,0.1135116678894683,0.10920789352291786,0.09182236722955273,0.09771594066080527,0.10356852562386101
thyroid,DR-SNE,3,lambda,0.001,k_density,40.0,0.5822382193782834,0.5519507643085674,0.5411753959789865,0.5051832760595647,0.5796056009795789,0.10846620960790598,0.09678734125501205,0.10401079061473321,0.08751529574540204,0.1330620780267646
thyroid,DR-SNE,3,lambda,0.001,k_density,80.0,0.57806118418454,0.6067908914958329,0.5146013548208713,0.49756092744006003,0.5791701228423589,0.11053941329476417,0.11397551424162802,0.08916854627946899,0.08417767402674338,0.10785212491602449
thyroid,DR-SNE,3,lambda,0.001,k_density,300.0,0.6093524114231543,0.5865920132717146,0.5634010743769009,0.5311075561875419,0.5617342102144803,0.11689416095792678,0.10950584281324555,0.09131868985111553,0.0971065552379336,0.10446809830826456
thyroid,DR-SNE,3,lambda,0.002,k_density,40.0,0.6208604889994865,0.614609254651025,0.5415437255599005,0.5060650946004661,0.5646867717344077,0.11926912925603533,0.13000786563433409,0.10567982570561484,0.09127462169411112,0.12095131735586684
thyroid,DR-SNE,3,lambda,0.002,k_density,80.0,0.5991794051427894,0.5867771655409408,0.5326613540308883,0.4918858869534305,0.5609343524114231,0.12108558709590345,0.11026325833277814,0.09269497502812357,0.08276174572985553,0.098256486549656
thyroid,DR-SNE,3,lambda,0.002,k_density,300.0,0.6202383773748864,0.6056804716198602,0.5422675474977289,0.5250789983015366,0.5783445905913023,0.128283017620142,0.1216249684128086,0.09686097781809644,0.09770532283022046,0.11341656585782285
thyroid,DR-SNE,3,lambda,0.005,k_density,40.0,0.614529762610104,0.6239666034680255,0.5410139432002212,0.5050563850377217,0.5315499466761464,0.12436437671973037,0.12265844620721256,0.11201565712315785,0.09505925669153104,0.11014571836980067
thyroid,DR-SNE,3,lambda,0.005,k_density,80.0,0.5954812971521112,0.6156110518623849,0.5231820515858909,0.4897825571750208,0.5355610854366631,0.11118173493830819,0.11654734277592689,0.0883126616596329,0.08030948726788331,0.08394594717175191
thyroid,DR-SNE,3,lambda,0.005,k_density,300.0,0.6137141051467394,0.6038654856420588,0.5454215546865743,0.5252300825532251,0.5644606390962594,0.12948634634257797,0.11582028433026981,0.10415135595650206,0.09891843360918078,0.11173766243313304
thyroid,DR-SNE,3,lambda,0.01,k_density,40.0,0.5886795433898171,0.544927815301971,0.5423376584903425,0.520662005766876,0.5356953825492752,0.11857179651313528,0.09922766083425555,0.11420077162609828,0.10339173053857986,0.13914032973747803
thyroid,DR-SNE,3,lambda,0.01,k_density,80.0,0.6174072757435716,0.5878377177390686,0.5553309041355611,0.5298919698226487,0.5555693802583245,0.11926887107267223,0.11663092342398489,0.10271397407990333,0.10792386847957391,0.1250419294009255
thyroid,DR-SNE,3,lambda,0.01,k_density,300.0,0.6175316980684915,0.6357704309357348,0.5338596595173204,0.5191926373582969,0.5767330252399574,0.13093327217327042,0.11822707017252304,0.10970466890767236,0.098367232216816,0.1162492693197167
thyroid,DR-SNE,3,lambda,0.1,k_density,40.0,0.5888780266224276,0.5756151992732157,0.5820002369949047,0.5801467393451041,0.5258423193901332,0.11294934252385613,0.10583277392729482,0.11817569376424093,0.11549112422009855,0.08696228607448969
thyroid,DR-SNE,3,lambda,0.1,k_density,80.0,0.6324910139432002,0.5654708298771577,0.6224997037563693,0.6235296441126515,0.5216958960382352,0.12541153107857406,0.0972736005865825,0.12787802890009348,0.12401812188180786,0.13565417733808555
thyroid,DR-SNE,3,lambda,0.1,k_density,300.0,0.6278627009519296,0.6236407354741873,0.596269305209938,0.5877305762926097,0.5453983489354979,0.12445635240909185,0.12230414574765389,0.11890066207231166,0.1101009754074123,0.1257060971543124
thyroid,DR-SNE,3,lambda,1.0,k_density,40.0,0.5920330212900422,0.5647119524430224,0.5948888098905873,0.5929582888967887,0.5446251530592092,0.11268833474156706,0.10333346047698763,0.11664674787581142,0.11681674660942254,0.09362077121646438
thyroid,DR-SNE,3,lambda,1.0,k_density,80.0,0.6221451988782242,0.5824707706284314,0.6190578465063001,0.6222271596160682,0.5301971007623336,0.12092450499099608,0.11098324764907555,0.12383052307028532,0.12226505437437685,0.13571391607902233
thyroid,DR-SNE,3,lambda,1.0,k_density,300.0,0.5984792826954222,0.5831861989967215,0.5933221748232413,0.5941343761109136,0.5591608405419284,0.11339743346199244,0.11706249666995495,0.11822157642931502,0.11210857097388918,0.13325759300892487
thyroid,DR-SNE,4,lambda,0.0,k_density,40.0,0.6541000118497453,0.6083298771576411,0.6015547853221157,0.5627671130070704,0.5988170004344906,0.1350000522700686,0.10644995341510546,0.11392296343482078,0.10133379649921405,0.1087017931853163
thyroid,DR-SNE,4,lambda,0.0,k_density,80.0,0.6543113323063554,0.6222602401548367,0.5983119050440415,0.5574110281628946,0.6008808310621321,0.1385616146526687,0.11351275755901102,0.10866687163637917,0.09915468912604097,0.10784042873931597
thyroid,DR-SNE,4,lambda,0.0,k_density,300.0,0.6430392621558636,0.6223501007228345,0.5899168542876329,0.5467186080499269,0.6031905439033062,0.1349363764090052,0.11123338584538403,0.10183419785268717,0.09293279915528962,0.10690636964936417
thyroid,DR-SNE,4,lambda,5e-05,k_density,40.0,0.6518169609353399,0.615769048465458,0.5408179286645338,0.4959207252044081,0.5763133467630446,0.1130917433714933,0.1250517802538843,0.08542679924642224,0.08028885360295103,0.09517315447521402
thyroid,DR-SNE,4,lambda,5e-05,k_density,80.0,0.6319439507050598,0.6150773195876289,0.547802365999131,0.5107240194335823,0.5785312240786823,0.11593047855819763,0.12015276079628698,0.09211664275799716,0.09042703129358545,0.10737780976930607
thyroid,DR-SNE,4,lambda,5e-05,k_density,300.0,0.6314304617450724,0.6087727613856302,0.5530908085476162,0.5151025002962436,0.5739137733538728,0.12020646854882547,0.10777671986176225,0.08433549868389914,0.07928830638094658,0.09282980604970076
thyroid,DR-SNE,4,lambda,0.0001,k_density,40.0,0.6538965912232887,0.616747146186357,0.5299596121183394,0.4651696488525497,0.5788324051032903,0.11180551170054001,0.1164886284426967,0.08286567008283513,0.07740636832164415,0.09711176630456793
thyroid,DR-SNE,4,lambda,0.0001,k_density,80.0,0.6354850495714341,0.6039054785322115,0.5273225500651736,0.4810957064423114,0.572665600189596,0.11759637354733894,0.10767054403041285,0.08126961033827218,0.08166003651272823,0.10918150428500731
thyroid,DR-SNE,4,lambda,0.0001,k_density,300.0,0.6251787336572264,0.5801373582967966,0.5344279535489987,0.49258205948572104,0.5685201643164672,0.1168684541809438,0.1022670859476793,0.08292628261502452,0.07542560200928411,0.08966268621070952
thyroid,DR-SNE,4,lambda,0.0002,k_density,40.0,0.6158174349251492,0.5775580637516293,0.5203904491053442,0.42996800568787774,0.5934056167792392,0.10056040506138718,0.10761204574708744,0.08077527723085731,0.07118799832786799,0.0937989698611453
thyroid,DR-SNE,4,lambda,0.0002,k_density,80.0,0.6311490302958486,0.591280562467907,0.5114952403523325,0.42897657700359443,0.5807224394675514,0.11865891235069101,0.10161346589749237,0.0834912974828349,0.07371971247669062,0.10742041569087679
thyroid,DR-SNE,4,lambda,0.0002,k_density,300.0,0.6229934431409725,0.5923243275269582,0.5263617332227357,0.47022998380534814,0.5693289094284473,0.12565252845208202,0.11803481181933186,0.09471783104437555,0.08896867754950746,0.08951621981629458
thyroid,DR-SNE,4,lambda,0.0005,k_density,40.0,0.6125103685270766,0.5858020302563495,0.5264747995418099,0.4640992218667298,0.6064699608958408,0.105953809795785,0.09615524120574401,0.08340467837397336,0.0761277144828787,0.10039233997905792
thyroid,DR-SNE,4,lambda,0.0005,k_density,80.0,0.5990164711458704,0.6139481376150413,0.5046663309238851,0.42621805506181615,0.5788067306552909,0.12246258436533933,0.10332625087167505,0.09675920601916022,0.07124878688644912,0.09435690641063546
thyroid,DR-SNE,4,lambda,0.0005,k_density,300.0,0.6283712525180709,0.6108247422680412,0.5289400402891338,0.4841341786151597,0.5841746652446972,0.1330373485349243,0.12349403382311358,0.09639243713333995,0.09184442601367804,0.09301153546602056
thyroid,DR-SNE,4,lambda,0.001,k_density,40.0,0.6106479835683531,0.6320426985819804,0.5250893668286132,0.46093632736896156,0.5821187344472093,0.10895540109324268,0.1201050333496454,0.08887280094650808,0.0768419608640729,0.09662434507939427
thyroid,DR-SNE,4,lambda,0.001,k_density,80.0,0.611459691116641,0.6057836631512422,0.5287356321839081,0.4486718410554173,0.6003841292412213,0.12389736782484179,0.10412454280476212,0.09986447810051954,0.07731497531817824,0.09932976980457578
thyroid,DR-SNE,4,lambda,0.001,k_density,300.0,0.625989453726745,0.6174680056878776,0.5347533278034522,0.5203553936090374,0.5470128767231505,0.13199780577311576,0.13322362271763405,0.10243682525989231,0.09691058517626866,0.08541776623765904
thyroid,DR-SNE,4,lambda,0.002,k_density,40.0,0.614334241813801,0.6137308922858158,0.5268485602559545,0.4631759292175218,0.5916785164118972,0.10884543048738714,0.11150530352547613,0.08682771209215823,0.07718319369063283,0.09966169374106938
thyroid,DR-SNE,4,lambda,0.002,k_density,80.0,0.6258176324209029,0.6024642532685548,0.5173613579808034,0.4542866453371252,0.5703874866690366,0.13101789475836373,0.10870272549862955,0.0988700358571995,0.07874863376106535,0.09208279171210541
thyroid,DR-SNE,4,lambda,0.002,k_density,300.0,0.6215230872536239,0.6376851522692262,0.5228482837618991,0.5187206225066161,0.5347483904096062,0.12486525057282101,0.13766946778243275,0.09737616723288116,0.09682614356350694,0.08171992880498993
thyroid,DR-SNE,4,lambda,0.005,k_density,40.0,0.5858148674803492,0.5697949994075127,0.5033505154639175,0.45534324762017614,0.5686574238653869,0.0987108631255624,0.09610731688356808,0.08547887548997371,0.07915750505044135,0.09484536511988176
thyroid,DR-SNE,4,lambda,0.005,k_density,80.0,0.621250543113323,0.6251214598886125,0.5060048583955445,0.44750957854406126,0.5561322431567721,0.1286288505581129,0.1232196135312372,0.10155327741318704,0.08185326826758632,0.08731201591037266
thyroid,DR-SNE,4,lambda,0.005,k_density,300.0,0.6297566852312675,0.6554212584429434,0.531693624837066,0.5075532251056603,0.5509973535568985,0.13121112168260884,0.14075273015832057,0.10502604325992525,0.09596579453817258,0.08570967356161978
thyroid,DR-SNE,4,lambda,0.01,k_density,40.0,0.5913546233755974,0.5909448196863768,0.5223486195046806,0.4758235572935182,0.5660099932851443,0.10110684639928227,0.10034911980411755,0.08980650429677196,0.08387134932375948,0.09226608715569456
thyroid,DR-SNE,4,lambda,0.01,k_density,80.0,0.6192706481810641,0.6125093810483074,0.5290476754749773,0.4794880910060434,0.5579087174625745,0.11990760874492971,0.11064725433759329,0.1039622184668138,0.09219624284865709,0.08531035780614238
thyroid,DR-SNE,4,lambda,0.01,k_density,300.0,0.6394616265750287,0.635515167673895,0.5385383339258205,0.5063356637832286,0.5435754631275428,0.1341202816441787,0.14291098211950554,0.10509418727841642,0.09660003912805722,0.086849610397578
thyroid,DR-SNE,4,lambda,0.1,k_density,40.0,0.5964144645890114,0.6006305051941383,0.5867475411778647,0.5826322234071968,0.5418098510882017,0.11961190665521393,0.11675659950812259,0.1255266469214964,0.12055120619632917,0.10411026845520768
thyroid,DR-SNE,4,lambda,0.1,k_density,80.0,0.5984624955563456,0.6505125014812182,0.5666567918789747,0.5610953114508038,0.5638217403325828,0.1159835816450715,0.13294667762297174,0.11396413636645654,0.10809049940662521,0.10147499233667177
thyroid,DR-SNE,4,lambda,0.1,k_density,300.0,0.6487528143144922,0.6623311411304657,0.5574544772287395,0.5363589682821819,0.5367500098747877,0.1257896117639376,0.1555042543898661,0.1100217023413066,0.10077889387135697,0.08278764834926733
thyroid,DR-SNE,4,lambda,1.0,k_density,40.0,0.6030917960263855,0.5972088912588379,0.5970365762136114,0.5987389896117233,0.5371529012126239,0.12085595564727712,0.11707142026025867,0.12565110033952948,0.12051892674606379,0.10587841662756449
thyroid,DR-SNE,4,lambda,1.0,k_density,80.0,0.5976547379231346,0.6097118536951455,0.5830721451988782,0.579969980645416,0.5674319627128016,0.11295083003599324,0.11512396900829738,0.11717210806385417,0.11141089561317535,0.11203684768399268
thyroid,DR-SNE,4,lambda,1.0,k_density,300.0,0.625028636884307,0.6453005885373465,0.5643806533159537,0.5557787257573962,0.5770697555002567,0.11956917887789364,0.15749646182880367,0.10962926727421664,0.10474017044806949,0.09727522846309007
